<?xml version="1.0" encoding="UTF-8"?>
<entity-mappings xmlns="http://xmlns.jcp.org/xml/ns/persistence/orm"
                 xmlns:xsi="http://www.w3.org/2001/XMLSchema-instance"
                 xsi:schemaLocation="http://xmlns.jcp.org/xml/ns/persistence/orm http://xmlns.jcp.org/xml/ns/persistence/orm_2_1.xsd"
                 version="2.1">

  <entity class="org.agoncal.book.javaee7.chapter05.ex25.Book25">
    <table name="ex29_book"/>
    <attributes>
      <basic name="title">
        <column name="book_title" nullable="false" updatable="false"/>
      </basic>
      <basic name="description">
        <column length="2000"/>
      </basic>
      <basic name="nbOfPage">
        <column name="nb_of_page" nullable="false"/>
      </basic>
    </attributes>
  </entity>

</entity-mappings>
